{
  "pkg_name": "comp2402w23l3",
  "main_java_file": "Part3",
  "test_subdir": null,
  "test_cases": [
    {
      "name": "0 - compilation only",
      "params": ["4"],
      "infile":"lab3-p3-1-in.txt",
      "outfile":"lab3-p3-1-out.txt"
    },
    {
      "name": "1 - empty file",
      "params": ["4"],
      "flags": ["-Xss144k", "-Xmx6m"],
      "infile":"lab3-p3-1-in.txt",
      "outfile":"lab3-p3-1-out.txt"
    },
    {
      "name": "2 - one line output",
      "flags": ["-Xss144k", "-Xmx6m"],
      "params": ["4"],
      "infile":"lab3-p3-2-in.txt",
      "outfile":"lab3-p3-2-out-x-4.txt"
    },
    {
      "name": "3 - no output on non-empty file",
      "flags": ["-Xss144k", "-Xmx6m"],
      "params": ["4"],
      "infile":"lab3-p3-3-in.txt",
      "outfile":"lab3-p3-3-out-x-4.txt"
    },
    {
      "name": "4 - multiple multiples output",
      "flags": ["-Xss144k", "-Xmx6m"],
      "params": ["4"],
      "infile":"lab3-p3-4-in.txt",
      "outfile":"lab3-p3-4-out-x-4.txt"
    },
    {
      "name": "5 - from the specifications",
      "flags": ["-Xss144k", "-Xmx6m"],
      "params": ["2"],
      "infile":"lab3-p3-5-in.txt",
      "outfile":"lab3-p3-5-out-x-2.txt"
    },
    {
      "name": "6 - some negative numbers",
      "flags": ["-Xss144k", "-Xmx6m"],
      "params": ["4"],
      "infile":"lab3-p3-6-in.txt",
      "outfile":"lab3-p3-6-out-x-4.txt"
    },
    {
      "name": "7 - random numbers some negative",
      "flags": ["-Xss144k", "-Xmx6m"],
      "params": ["4"],
      "infile":"lab3-p3-7-in.txt",
      "outfile":"lab3-p3-7-out-x-4.txt"
    }
  ]
}
