{
  "pkg_name": "comp2402w23l3",
  "main_java_file": "Part5",
  "test_subdir": null,
  "test_cases": [
    {
      "name": "0 - compilation only",
      "infile":"lab3-p5-1-in.txt",
      "outfile":"lab3-p5-1-out.txt"
    },
    {
      "name": "1 - empty file - output zero",
      "flags": ["-Xss144k", "-Xmx6m"],
      "infile":"lab3-p5-1-in.txt",
      "outfile":"lab3-p5-1-out.txt"
    },
    {
      "name": "2 - one line - output zero",
      "flags": ["-Xss144k", "-Xmx6m"],
      "infile":"lab3-p5-2-in.txt",
      "outfile":"lab3-p5-2-out.txt"
    },
    {
      "name": "3 - a binary search tree - output zero",
      "flags": ["-Xss144k", "-Xmx6m"],
      "infile":"lab3-p5-3-in.txt",
      "outfile":"lab3-p5-3-out.txt"
    },
    {
      "name": "4 - from the specifications",
      "flags": ["-Xss144k", "-Xmx6m"],
      "infile":"lab3-p5-4-in.txt",
      "outfile":"lab3-p5-4-out.txt"
    },
    {
      "name": "5 - ties are okay",
      "flags": ["-Xss144k", "-Xmx6m"],
      "infile":"lab3-p5-5-in.txt",
      "outfile":"lab3-p5-5-out.txt"
    },
    {
      "name": "6 - only problem is the very last line (right child)",
      "flags": ["-Xss144k", "-Xmx6m"],
      "infile":"lab3-p5-6-in.txt",
      "outfile":"lab3-p5-6-out.txt"
    },
    {
      "name": "7 - only problem is the very last line (left child)",
      "flags": ["-Xss144k", "-Xmx6m"],
      "infile":"lab3-p5-7-in.txt",
      "outfile":"lab3-p5-7-out.txt"
    },
    {
      "name": "8 - multiple problems, some ties (not problems)",
      "flags": ["-Xss144k", "-Xmx6m"],
      "infile":"lab3-p5-8-in.txt",
      "outfile":"lab3-p5-8-out.txt"
    },
    {
      "name": "9 - every node is bad",
      "flags": ["-Xss144k", "-Xmx6m"],
      "infile":"lab3-p5-9-in.txt",
      "outfile":"lab3-p5-9-out.txt"
    }

  ]
}
